rank,title,severity,surface,effort,effort_days,pxl_score,pxl_max,verified,impact,summary,problem,recommended_change,evidence,analysts_agreeing,opportunity_low,opportunity_high,opportunity_basis,sample_per_variant,test_days,detail_page
1,Value proposition is generic,HIGH,Homepage,Low,0.5-2 days,5,10,no,conversion,"The hero headline promises reliability but fails to explain what the product is or why it's better, lacking visitor-centric benefit.","The hero headline promises reliability but fails to explain what the product is or why it's better, lacking visitor-centric benefit.",h1: Wireless Home Internet for Rural and On-the-Go; notes: Lead with concrete benefit like unlimited data or no contracts.,Reliable Internet That Works Anywhere in the U.S. | Internet That Just Works,Message Clarity,0.2,1.0,"per 1,000 visitors at an assumed 2.00% baseline conversion rate and a 1.0-5.0% relative lift",315206,,finding_1_generic_value_proposition.html
2,Unclear form field labels,HIGH,Pricing & Plans,Low,0.5-2 days,4,10,no,conversion,"Form fields lack explicit labels, so visitors don't know what data is required before engaging.","Form fields lack explicit labels, so visitors don't know what data is required before engaging.","notes: Add explicit, visible labels above each field.",,Form & Interaction Friction,0.2,1.0,"per 1,000 visitors at an assumed 2.00% baseline conversion rate and a 1.0-5.0% relative lift",315206,,finding_2_unclear_form_field_labels.html
3,Ambiguous form submit label,MEDIUM,Pricing & Plans,Low,0.5-2 days,4,10,no,conversion,"The CONTINUE button label does not set expectations for the next step, adding cognitive effort at conversion.","The CONTINUE button label does not set expectations for the next step, adding cognitive effort at conversion.",cta: Check My Coverage; notes: Replace with descriptive action.,,Form & Interaction Friction,0.1,0.4,"per 1,000 visitors at an assumed 2.00% baseline conversion rate and a 0.5-2.0% relative lift",1941808,,finding_3_ambiguous_form_submit_label.html
4,Duplicate pricing creates comparison ambiguity,MEDIUM,Pricing & Plans,Medium,2-5 days,4,10,no,conversion,"The same plan prices appear twice with different formatting, causing ambiguity about which price applies to which tier.","The same plan prices appear twice with different formatting, causing ambiguity about which price applies to which tier.",notes: Consolidate pricing display to a single consistent format per plan tier.,A section heading reads “$99.95 /month”. | A section heading reads “$129.95 /month”. | Prices shown on the page: $99.95 /month $129.95 /month $99.95/mo $0.00 $99.95 $99.99,Funnel Path,0.1,0.4,"per 1,000 visitors at an assumed 2.00% baseline conversion rate and a 0.5-2.0% relative lift",1941808,,finding_4_duplicate_pricing_ambiguity.html
5,Repeated identical form instances,MEDIUM,Pricing & Plans,Medium,2-5 days,4,10,no,conversion,"Two identical CONTINUE forms on each page create confusion about which to complete, increasing abandonment.","Two identical CONTINUE forms on each page create confusion about which to complete, increasing abandonment.",notes: Consolidate into a single coverage-check form per page.,,Form & Interaction Friction,0.1,0.4,"per 1,000 visitors at an assumed 2.00% baseline conversion rate and a 0.5-2.0% relative lift",1941808,,finding_5_repeated_identical_forms.html
6,One-time costs appear separately,MEDIUM,Pricing & Plans,Medium,2-5 days,4,10,no,conversion,"One-time charges are listed separately from monthly prices, causing visitors to overlook them until later.","One-time charges are listed separately from monthly prices, causing visitors to overlook them until later.",notes: Combine into single price summary line per plan.,A section heading reads “$0.00 (one-time)”. | A section heading reads “$99.99 (one-time)”. | Prices shown on the page: $99.95 /month $129.95 /month $99.95/mo $0.00 $99.95 $99.99,Pricing & Cost Transparency,0.1,0.4,"per 1,000 visitors at an assumed 2.00% baseline conversion rate and a 0.5-2.0% relative lift",1941808,,finding_6_one_time_costs_separate.html
7,No shipping fee disclosure,MEDIUM,Pricing & Plans,Medium,2-5 days,4,10,no,conversion,"Shipping costs are not mentioned, leaving a cost unknown until later in checkout.","Shipping costs are not mentioned, leaving a cost unknown until later in checkout.",notes: Display shipping cost or 'free shipping' badge.,Prices shown on the page: $99.95/month $129.95/month $99.95/Mo $99.95/month $129.95/month $99.95 | Page copy reads “Existing Customers: [Pay Bill](https://nomadinternet.com/pages/pay-now) \| [Submit Ticket](mailto:support@nom”.,Pricing & Cost Transparency,0.1,0.4,"per 1,000 visitors at an assumed 2.00% baseline conversion rate and a 0.5-2.0% relative lift",1941808,,finding_7_no_shipping_fee_disclosure.html
8,Rural page title misleads destination,MEDIUM,/Pages/Rural-Internet,Medium,2-5 days,3,10,no,trust,"The page title 'How Nomad Internet Works - YouTube' does not match the page content, disorienting users mid-funnel.","The page title 'How Nomad Internet Works - YouTube' does not match the page content, disorienting users mid-funnel.",notes: Update title to reflect rural internet content.,The browser title reads “How Nomad Internet Works - YouTube”. | A section heading reads “Nomad Internet: The Go-To For Rural Internet”.,Funnel Path,0.1,0.4,"per 1,000 visitors at an assumed 2.00% baseline conversion rate and a 0.5-2.0% relative lift",1941808,,finding_8_rural_page_title_misleads.html
9,Guarantee claim lacks visible backing,MEDIUM,/Pages/Rural-Internet,Medium,2-5 days,3,10,no,trust,"The 'SHOP WITH CONFIDENCE' claim has no visible guarantee or return policy, leaving it unsupported at point of purchase.","The 'SHOP WITH CONFIDENCE' claim has no visible guarantee or return policy, leaving it unsupported at point of purchase.",notes: Add visible money-back guarantee or return policy statement.,"A section heading reads “SHOP WITH CONFIDENCE”. | 5 distinct calls to action compete on the same page: “CHECK COVERAGE”, “Watch on”, “SEE WHAT I QUALIFY FOR”, “START CHAT”, “CHECK MY COVERAGE”.",Trust & Social Proof,0.1,0.4,"per 1,000 visitors at an assumed 2.00% baseline conversion rate and a 0.5-2.0% relative lift",1941808,,finding_9_guarantee_claim_lacks_backing.html
